roi_id,til_true,til_pred,sigma,til_mc,lower,upper,covered
TCGA-BH-A0E6-DX1_xmin54786_ymin20002_MPP-0.2500.png,9.929542527818528,14.039055049694646,1.7373832935667424,"[np.float64(14.690647682858978), np.float64(14.427823652849318), np.float64(13.332722464073269), np.float64(14.716022736618028), np.float64(13.448252229416587), np.float64(14.375977002233874), np.float64(16.674250120910564), np.float64(12.025969919135363), np.float64(16.318812171952736), np.float64(16.673285184374375), np.float64(13.80291799571249), np.float64(9.795345251677457), np.float64(12.823411075505781), np.float64(16.633044142816864), np.float64(13.993318925096881), np.float64(12.040450585104825), np.float64(13.029505207238211), np.float64(15.720295102703751), np.float64(15.132522186097404), np.float64(13.561190851355258)]",6.784302205088562,21.29380789430073,True
TCGA-BH-A0RX-DX1_xmin69099_ymin22327_MPP-0.2500.png,42.78758630066275,43.222821641853606,1.6119951571717115,"[np.float64(42.48917281822423), np.float64(42.439305343765966), np.float64(41.3780012728566), np.float64(46.45357302079249), np.float64(42.578180703430924), np.float64(45.6571386835046), np.float64(46.26545374569851), np.float64(45.219443438149526), np.float64(42.35958101641751), np.float64(44.030281822526824), np.float64(43.174430429071776), np.float64(41.41541792039335), np.float64(43.87154020529681), np.float64(40.864742059534), np.float64(45.598180418776735), np.float64(42.29358704725682), np.float64(43.625140953599285), np.float64(43.78939738494589), np.float64(42.70501169444545), np.float64(44.396209244804155)]",36.49164925445581,49.953994029251405,True
TCGA-BH-A0WA-DX1_xmin56581_ymin24774_MPP-0.2500.png,46.28400079423721,44.78896404190788,1.7502627531760582,"[np.float64(43.83915672866283), np.float64(46.53155863682236), np.float64(42.097004681414376), np.float64(45.0417232010007), np.float64(48.66682204002444), np.float64(42.788301392696724), np.float64(43.43347410085817), np.float64(45.8167797412257), np.float64(45.14812760578707), np.float64(45.49022424045499), np.float64(45.7673383022032), np.float64(46.05840697903142), np.float64(47.008363725820324), np.float64(45.6086013557649), np.float64(44.30644873267079), np.float64(46.13411144431333), np.float64(48.58872791169831), np.float64(44.52369654914273), np.float64(42.83990543256659), np.float64(47.00312538048182)]",37.48043072376803,52.09749736004773,True
TCGA-BH-A18G-DX1_xmin16831_ymin497_MPP-0.2500.png,29.46098500398814,29.91978888666565,1.674887169137957,"[np.float64(29.679026558758455), np.float64(25.574449794637577), np.float64(31.614632240966493), np.float64(28.849132514757805), np.float64(29.738722322057328), np.float64(30.583749547803677), np.float64(30.30078824622378), np.float64(31.338692520943727), np.float64(29.04881614552596), np.float64(30.946000483017816), np.float64(29.400695531497817), np.float64(31.397409848440656), np.float64(31.150523854691755), np.float64(28.048911482576457), np.float64(32.09175311901571), np.float64(28.847861996437555), np.float64(31.53590448322794), np.float64(30.654363513468333), np.float64(33.596156240255894), np.float64(29.472856921921945)]",22.925999721263477,36.91357805206782,True
TCGA-BH-A18V-DX1_xmin50030_ymin48454_MPP-0.2500.png,12.98827373626055,3.050429163256087,2.0678253429619957,"[np.float64(2.351795571019692), np.float64(3.011589951480622), np.float64(2.444069597587536), np.float64(4.650312967140187), np.float64(-0.18219205361708868), np.float64(0.943064324963379), np.float64(0.914823320097701), np.float64(4.951044347203238), np.float64(6.471655908419938), np.float64(2.841530726181144), np.float64(2.712785716876066), np.float64(3.19053348948245), np.float64(5.3741857684724685), np.float64(1.195722894874939), np.float64(3.527167128725657), np.float64(5.000824422820947), np.float64(4.052617503135778), np.float64(3.429592396453574), np.float64(5.0525213483903695), np.float64(-2.356035422742387)]",-5.584143210353419,11.685001536865594,False
TCGA-BH-A1EW-DX1_xmin66752_ymin42706_MPP-0.2500.png,0.0,-1.0983594391875595,2.064288653944424,"[np.float64(0.2573911998742555), np.float64(-2.4065108054424074), np.float64(-4.759625232900474), np.float64(-0.07595424013759833), np.float64(1.6489576511383557), np.float64(-1.3732564684429436), np.float64(0.807389655218318), np.float64(2.1261970767897314), np.float64(1.531469467980535), np.float64(2.1815696195552263), np.float64(0.38589554295622475), np.float64(-0.9474921613843741), np.float64(-4.3022910629818965), np.float64(-1.590484415447457), np.float64(-2.784852629819943), np.float64(3.243525995808068), np.float64(-1.450131064052233), np.float64(-0.8519498256185885), np.float64(0.004611312893375352), np.float64(-1.0111545464426523)]",-9.718163738989908,7.521444860614789,True
TCGA-BH-A1F6-DX1_xmin53806_ymin49901_MPP-0.2500.png,0.0,1.785562857558732,1.8378908410150163,"[np.float64(5.175664938420239), np.float64(0.5402641340898282), np.float64(2.1747777680332177), np.float64(0.3006216861626356), np.float64(-0.8544821648826795), np.float64(0.5620246757481613), np.float64(1.711489263461908), np.float64(0.9269584085242122), np.float64(0.40072089781102016), np.float64(-1.0270720697849356), np.float64(1.6193517123013426), np.float64(-1.2238778905032723), np.float64(3.3056747849379375), np.float64(1.9504423634277388), np.float64(-1.129540141371129), np.float64(1.1671447034590052), np.float64(0.2812500463775658), np.float64(2.423911878397093), np.float64(4.466463749605021), np.float64(-1.964782081732757)]",-5.888877121403197,9.46000283652066,True
TCGA-BH-A1FC-DX1_xmin52216_ymin33355_MPP-0.2500.png,57.52313768951522,64.9126079132228,1.907547119607252,"[np.float64(65.14266007151764), np.float64(64.59234232208952), np.float64(66.25528806612373), np.float64(65.33900116969818), np.float64(63.40866924974516), np.float64(64.27450004188957), np.float64(63.32055619961582), np.float64(67.06462219042), np.float64(64.95523121056668), np.float64(68.71498928472882), np.float64(64.79128628559356), np.float64(63.49579437940187), np.float64(61.88517912799715), np.float64(61.30632856071091), np.float64(61.74433602721182), np.float64(65.44686121524576), np.float64(65.93005795968267), np.float64(61.75022650915853), np.float64(66.70268454137504), np.float64(63.94648580985592)]",56.94730575829033,72.87791006815527,True
TCGA-BH-A42U-DX1_xmin72053_ymin88645_MPP-0.2500.png,23.590109885386205,20.998758794017967,1.713512123580854,"[np.float64(21.292344817989065), np.float64(24.223200050528817), np.float64(22.79243742574903), np.float64(20.461697498206302), np.float64(19.216374343187393), np.float64(16.695127991359357), np.float64(19.560452155533127), np.float64(20.576498316362578), np.float64(19.024399739715598), np.float64(20.736244859833356), np.float64(21.152462559935504), np.float64(20.54904683040181), np.float64(19.698753632371048), np.float64(21.336068137951422), np.float64(21.882640093156784), np.float64(18.817960639132274), np.float64(23.820623553510508), np.float64(20.801582529449444), np.float64(21.03645803990766), np.float64(22.41518764053108)]",13.843684263921098,28.153833324114835,True
TCGA-C8-A12V-DX1_xmin11056_ymin54401_MPP-0.2500.png,42.63317568895071,38.59070767448477,1.5169980711270488,"[np.float64(39.05713993701177), np.float64(40.49698094231126), np.float64(39.16495600488842), np.float64(37.36583292520389), np.float64(39.31371472489697), np.float64(36.303255259843446), np.float64(38.80782708603782), np.float64(38.524247693195846), np.float64(38.17447395993969), np.float64(38.333632651606905), np.float64(34.82700958348949), np.float64(37.493257859002846), np.float64(38.776397476766995), np.float64(38.91042045847957), np.float64(36.535357392632854), np.float64(41.12212335621417), np.float64(36.858357978055764), np.float64(40.52962207553824), np.float64(39.44509639822814), np.float64(37.298253054797165)]",32.25621251010605,44.925202838863484,True
TCGA-C8-A131-DX1_xmin43049_ymin10894_MPP-0.2500.png,82.68243557062515,80.17365035270247,2.120028675337473,"[np.float64(83.72427213792149), np.float64(77.78637668918951), np.float64(82.01195869992247), np.float64(82.17481498878843), np.float64(78.83240993454918), np.float64(82.95858095283113), np.float64(79.67355732350457), np.float64(80.75103761126218), np.float64(80.6942940302449), np.float64(79.90503286976137), np.float64(81.79526689902202), np.float64(81.76062779380689), np.float64(76.67658640622611), np.float64(82.78233083845878), np.float64(76.84866637663112), np.float64(82.23874276138578), np.float64(82.42706062635763), np.float64(77.99171749227207), np.float64(79.3520217767933), np.float64(77.9622410157306)]",71.32109368313981,89.02620702226513,True
TCGA-C8-A1HJ-DX1_xmin46412_ymin17174_MPP-0.2500.png,53.75470185708647,58.33171244559684,1.737987724743283,"[np.float64(57.901870385019365), np.float64(57.715643877225354), np.float64(59.891033510135514), np.float64(60.952329937836055), np.float64(61.123080067176744), np.float64(57.20737639244023), np.float64(57.91326869810778), np.float64(54.964836061154934), np.float64(56.719972312604455), np.float64(60.26141571179175), np.float64(61.562878092693296), np.float64(55.86301470183699), np.float64(57.14678392729105), np.float64(58.27890093167898), np.float64(58.89203476323605), np.float64(56.71250540575355), np.float64(59.179834534525014), np.float64(57.384033751455), np.float64(58.302807903840275), np.float64(59.42428094160424)]",51.07443569114679,65.5889892000469,True
TCGA-C8-A26X-DX1_xmin8990_ymin27544_MPP-0.2500.png,55.15348236943987,56.79723791773829,1.6639395385013245,"[np.float64(56.81008245736017), np.float64(55.924466136685155), np.float64(56.57801830988663), np.float64(56.620511999327626), np.float64(56.057215857974036), np.float64(56.27964579240409), np.float64(59.994532258747725), np.float64(57.91907681362077), np.float64(56.206277281679974), np.float64(58.19114672675976), np.float64(56.12959893822627), np.float64(59.14348719291158), np.float64(57.53652230213448), np.float64(56.582633629729834), np.float64(57.692671769358846), np.float64(53.65548561360129), np.float64(54.543702979918685), np.float64(54.40938790494018), np.float64(57.083124107265704), np.float64(60.262267916708474)]",49.84916253052018,63.745313304956404,True
TCGA-C8-A26Y-DX1_xmin29748_ymin36769_MPP-0.2500.png,30.60921365874467,27.96041263990948,2.6031279201506194,"[np.float64(32.42301293229474), np.float64(29.236514842790992), np.float64(28.962101589798394), np.float64(24.358297171604), np.float64(26.875065040441434), np.float64(26.384845136093), np.float64(26.718717443407247), np.float64(27.6241250027399), np.float64(27.016231484515224), np.float64(24.001813019157904), np.float64(29.456233152144545), np.float64(25.814926588429866), np.float64(28.43890636813178), np.float64(32.108577979409425), np.float64(26.12164345673663), np.float64(22.89983759441682), np.float64(27.388404196149256), np.float64(30.16233190990662), np.float64(31.877107548350665), np.float64(25.501313451004645)]",17.090589179816018,38.83023610000295,True
TCGA-C8-A27B-DX1_xmin52632_ymin11349_MPP-0.2500.png,0.0,2.5663371655667806,1.8081811349429648,"[np.float64(3.559735612039824), np.float64(1.635716252006674), np.float64(2.354440456958509), np.float64(7.85502385960085), np.float64(-0.4396034912235258), np.float64(3.0738164885559276), np.float64(3.501723509097647), np.float64(4.737909815445475), np.float64(2.7623034725085716), np.float64(3.1824382445749855), np.float64(1.7830400307231984), np.float64(3.1045910480569954), np.float64(1.8799526145719596), np.float64(3.8094809452788825), np.float64(1.8271164934795125), np.float64(3.3205379533711534), np.float64(2.507811538196824), np.float64(4.818437667111117), np.float64(2.463549718389808), np.float64(-0.9797277708469823)]",-4.9840446533813365,10.116718984514897,True
TCGA-C8-A3M7-DX1_xmin41677_ymin66930_MPP-0.2500.png,3.706634706517495,4.192022453257697,2.08275422927807,"[np.float64(6.71586545468568), np.float64(2.3805578515324592), np.float64(2.8844897759600574), np.float64(3.000699865170713), np.float64(6.9408986395993315), np.float64(-0.07932597469969416), np.float64(10.467519520577685), np.float64(6.3041360713898005), np.float64(4.638500281516016), np.float64(4.082234452025124), np.float64(4.7631306029730105), np.float64(5.2342673100163735), np.float64(5.482453625157811), np.float64(5.303231385264594), np.float64(4.371183815768195), np.float64(3.7973456126430447), np.float64(3.8894758859506733), np.float64(3.802205892552335), np.float64(6.4595626469918255), np.float64(5.37913589781942)]",-4.504888139482486,12.88893304599788,True
TCGA-D8-A13Z-DX1_xmin30985_ymin49337_MPP-0.2500.png,17.380620326640166,22.22384527930461,1.9681813901293272,"[np.float64(16.34306800997605), np.float64(23.535646832364133), np.float64(22.613317668742162), np.float64(22.186427766412816), np.float64(21.446808373126842), np.float64(24.47207071927664), np.float64(24.118898203550327), np.float64(20.678089943657394), np.float64(23.037949853553684), np.float64(20.28053181022204), np.float64(19.464608949726752), np.float64(20.97041083012468), np.float64(23.94863222407013), np.float64(24.130095370056786), np.float64(23.250016119499197), np.float64(23.674036853000608), np.float64(23.256201853534527), np.float64(20.940882088858707), np.float64(23.087690368652492), np.float64(23.824664329759976)]",14.005353947188567,30.44233661142065,True
TCGA-D8-A142-DX1_xmin62151_ymin41337_MPP-0.2500.png,13.045900987080945,9.535635517694182,1.6895911124222824,"[np.float64(11.04421817732133), np.float64(11.913462260643467), np.float64(10.95224321209631), np.float64(10.238531932777347), np.float64(11.675935994327038), np.float64(9.482592999196061), np.float64(7.771886215238746), np.float64(9.209501589806655), np.float64(8.045830228081284), np.float64(8.185278967745418), np.float64(9.246598176263147), np.float64(7.950795675694259), np.float64(8.919712458416102), np.float64(5.74840618378661), np.float64(9.962222932440058), np.float64(9.53804646841863), np.float64(7.901458255557801), np.float64(10.854126854558992), np.float64(11.410775792947298), np.float64(6.320515788956234)]",2.480447422784697,16.590823612603668,True
TCGA-D8-A143-DX1_xmin52429_ymin19478_MPP-0.2500.png,16.219976374423393,14.581665641434553,2.3096720308898004,"[np.float64(13.056216084302122), np.float64(13.043380941859954), np.float64(12.701859439216822), np.float64(16.240615325298048), np.float64(14.194013363888944), np.float64(14.05263595881333), np.float64(10.573940912621044), np.float64(15.852501701853004), np.float64(12.103148851727607), np.float64(14.701530901967207), np.float64(15.136419517350934), np.float64(17.30298283311185), np.float64(11.964024843196327), np.float64(8.5426413297929), np.float64(14.94936473094194), np.float64(18.18268800445626), np.float64(17.059558347313427), np.float64(15.000984471983802), np.float64(13.598393270170456), np.float64(16.19591083470917)]",4.937219422658249,24.226111860210857,True
TCGA-D8-A147-DX1_xmin66394_ymin19298_MPP-0.2500.png,37.64845129980546,35.68791053414467,1.860710526768075,"[np.float64(33.74081813473573), np.float64(36.64062607285711), np.float64(36.698850852477925), np.float64(37.80833034914243), np.float64(41.20723061196683), np.float64(36.472742468502204), np.float64(34.669983282729675), np.float64(35.63676190976068), np.float64(32.149758724366436), np.float64(34.29848427196655), np.float64(34.869345657918466), np.float64(34.63973373827549), np.float64(35.992620278212115), np.float64(34.04307066938027), np.float64(37.929971868793615), np.float64(35.688324663981064), np.float64(35.66930989186744), np.float64(35.03212110111883), np.float64(35.99829190186263), np.float64(37.33810706347994)]",27.91818290003892,43.45763816825042,True
TCGA-D8-A1JF-DX1_xmin24865_ymin52345_MPP-0.2500.png,10.90787602915778,3.590301288497187,1.778003719978133,"[np.float64(1.8560408570753866), np.float64(2.274068310346674), np.float64(2.9828492309438577), np.float64(0.8985594415507574), np.float64(1.9517855690541916), np.float64(2.6378595414078694), np.float64(5.339079649922642), np.float64(4.115423946501037), np.float64(3.977481111232276), np.float64(5.292097212833132), np.float64(3.315557711698394), np.float64(4.3712309883549665), np.float64(3.383857782632195), np.float64(4.121025987296444), np.float64(2.424783973274023), np.float64(-1.287333028055671), np.float64(3.321742964124579), np.float64(6.435797560697067), np.float64(5.442732092980372), np.float64(5.521096257679528)]",-3.8340693687978655,11.01467194579224,True
TCGA-D8-A1JG-DX1_xmin15677_ymin69205_MPP-0.2500.png,43.795008581459214,45.27560996678209,1.7903907378677182,"[np.float64(47.74787141039453), np.float64(45.45292514870496), np.float64(45.670241381593286), np.float64(44.04030617591339), np.float64(44.643464254727995), np.float64(46.507152266324375), np.float64(47.683378841119726), np.float64(44.99671741542009), np.float64(44.37523143707927), np.float64(45.27666588449529), np.float64(46.47802346464032), np.float64(42.38790033451501), np.float64(40.683248060507616), np.float64(44.17453626779893), np.float64(42.834185114953776), np.float64(44.25932957148747), np.float64(44.98004932914715), np.float64(44.36911314873606), np.float64(48.18054503572358), np.float64(45.92909949598673)]",37.79951511390889,52.751704819655295,True
TCGA-D8-A1JL-DX1_xmin39765_ymin24835_MPP-0.2500.png,19.94805784700501,21.25333420790446,1.8216503248178089,"[np.float64(21.854282927126114), np.float64(22.497748495991264), np.float64(18.97566797234292), np.float64(23.331557782744994), np.float64(21.10180563483354), np.float64(22.594295442386883), np.float64(19.109619741824147), np.float64(18.14581667587233), np.float64(22.889113523954517), np.float64(22.00615326009949), np.float64(19.449231099189436), np.float64(19.51400804535507), np.float64(23.504203776734), np.float64(18.874510422169802), np.float64(24.538680114416387), np.float64(19.45209273860872), np.float64(22.530118059121225), np.float64(20.59609725640649), np.float64(22.459709070069145), np.float64(20.165106203676075)]",13.646709391846326,28.859959023962592,True
TCGA-D8-A1XK-DX1_xmin26340_ymin50273_MPP-0.2500.png,42.02412321751693,42.049690500729234,2.00701684220122,"[np.float64(41.724104688584646), np.float64(42.13152885152068), np.float64(40.045315589166286), np.float64(43.53133919156949), np.float64(41.023263367786065), np.float64(41.592490670049195), np.float64(40.06099175151221), np.float64(36.92502318313861), np.float64(41.6676349755289), np.float64(46.874921343955066), np.float64(43.61889907652528), np.float64(42.011169741260446), np.float64(41.5239088423127), np.float64(42.09462228635333), np.float64(43.143928731079654), np.float64(39.688064870111546), np.float64(44.278333890066975), np.float64(43.480453131611725), np.float64(43.4860619521451), np.float64(42.92664197834869)]",33.669034833642684,50.430346167815784,True
TCGA-D8-A1XQ-DX1_xmin61261_ymin33317_MPP-0.2500.png,22.91801858976973,21.745082922894,1.7458437260372983,"[np.float64(21.784316238281974), np.float64(23.090805394827637), np.float64(22.928711190376752), np.float64(21.037001501011947), np.float64(20.597879377100195), np.float64(21.94879551341797), np.float64(24.84312322588437), np.float64(19.266868771586193), np.float64(18.810032391389115), np.float64(22.07460460536703), np.float64(21.846858326606032), np.float64(22.091766251634812), np.float64(22.232989318710995), np.float64(21.298678413624387), np.float64(24.72480980009816), np.float64(18.543274965940967), np.float64(20.088088873333504), np.float64(21.5385734025959), np.float64(18.458705300585663), np.float64(21.393374114029854)]",14.455002038263796,29.035163807524203,True
TCGA-D8-A27F-DX1_xmin98787_ymin6725_MPP-0.2500.png,20.78643420708733,13.709580496835262,1.827365228294316,"[np.float64(17.032520828291297), np.float64(13.751353473427185), np.float64(14.17098230827263), np.float64(11.189250966490102), np.float64(12.476857680756307), np.float64(12.959187736187388), np.float64(13.074150303322794), np.float64(16.2728680868428), np.float64(14.824962618285511), np.float64(11.486664582961197), np.float64(14.202590053699272), np.float64(14.706023993828833), np.float64(15.989878573877794), np.float64(16.870661869972007), np.float64(11.679392113179524), np.float64(12.087865474414585), np.float64(11.19442477900603), np.float64(13.2415407786213), np.float64(14.642297245727931), np.float64(15.684249530013465)]",6.079092085215711,21.34006890845481,True
TCGA-D8-A27H-DX1_xmin8738_ymin8063_MPP-0.2500.png,32.627500942089014,30.52427432826222,2.293355795126132,"[np.float64(30.372372280977174), np.float64(29.884579281752533), np.float64(30.8277903127597), np.float64(28.853988525002173), np.float64(34.70335177165177), np.float64(27.3089522740261), np.float64(30.893755486053667), np.float64(34.5714867667215), np.float64(30.537874017382215), np.float64(30.14419625825923), np.float64(29.809383482641366), np.float64(30.163490964737402), np.float64(33.26997127761528), np.float64(26.100550505603206), np.float64(33.59114173085487), np.float64(27.67636002336193), np.float64(29.99096966979339), np.float64(29.665785487664895), np.float64(31.70138086780366), np.float64(27.328025624494725)]",20.947959452902214,40.10058920362222,True
TCGA-D8-A27M-DX1_xmin54473_ymin16109_MPP-0.2500.png,22.221471043924065,20.507898461290218,1.89362440439387,"[np.float64(21.432243793454102), np.float64(24.55651770786392), np.float64(17.781550452104597), np.float64(20.88731079651101), np.float64(19.183934105697), np.float64(21.35967287367629), np.float64(20.54619401612172), np.float64(19.224924643201597), np.float64(21.483643031032365), np.float64(24.116594680863702), np.float64(20.12609087783562), np.float64(21.94741434558658), np.float64(17.92135254554789), np.float64(18.5950257076542), np.float64(21.452711017050973), np.float64(23.476130518362147), np.float64(21.219125158861537), np.float64(19.88178240024391), np.float64(20.506481272136927), np.float64(18.00708299335078)]",12.600733079154473,28.415063843425962,True
TCGA-E2-A14N-DX1_xmin21383_ymin66838_MPP-0.2500.png,34.192361807160864,30.180975461052768,1.8334899142428416,"[np.float64(31.3900061137635), np.float64(31.945641585699587), np.float64(29.276794795386607), np.float64(29.240891165533764), np.float64(30.712731920356866), np.float64(29.307535988971576), np.float64(30.048710231801124), np.float64(34.3804190393858), np.float64(29.686924059560774), np.float64(29.464295157010323), np.float64(28.88589184978245), np.float64(31.669359404052642), np.float64(29.81852711461656), np.float64(28.882229384409914), np.float64(32.82358352559879), np.float64(33.02018147008004), np.float64(28.980128329575358), np.float64(26.447895558331535), np.float64(32.196002840726614), np.float64(28.81171580953276)]",22.52491233430161,37.837038587803924,True
TCGA-E2-A14R-DX1_xmin7751_ymin59308_MPP-0.2500.png,50.39939940747996,49.59297084914992,2.0813271696260007,"[np.float64(51.17422204747545), np.float64(45.652763213726246), np.float64(51.378165525748535), np.float64(47.17062699058835), np.float64(51.05449908728296), np.float64(49.62151698482278), np.float64(47.68509201035663), np.float64(48.77889822329635), np.float64(50.96560776306332), np.float64(49.80475975538038), np.float64(50.761796810094886), np.float64(53.54585201818089), np.float64(46.46448762572781), np.float64(52.82739599908716), np.float64(49.80168272419634), np.float64(47.795402752503655), np.float64(46.93234359767193), np.float64(49.214730067595845), np.float64(51.436271072998835), np.float64(49.33787260839485)]",40.90201919771452,58.28392250058532,True
TCGA-E2-A14X-DX1_xmin88836_ymin66393_MPP-0.2500.png,34.01465562296549,36.03490990703818,2.1122630186112263,"[np.float64(39.05721976753288), np.float64(33.132558526935064), np.float64(36.01073201134607), np.float64(33.530123018211945), np.float64(36.76217367228812), np.float64(37.808684687232784), np.float64(35.19338631967608), np.float64(30.826482193783917), np.float64(36.43280620063117), np.float64(36.9083870105052), np.float64(36.84349941696158), np.float64(38.50647429068249), np.float64(33.89280254774009), np.float64(37.39534211793908), np.float64(38.41992493199413), np.float64(32.47773473902515), np.float64(36.67421355887614), np.float64(35.02655024502284), np.float64(35.871864560834894), np.float64(36.73026287411486)]",27.21478011784992,44.855039696226434,True
TCGA-E2-A150-DX1_xmin42083_ymin62113_MPP-0.2500.png,26.016754025432466,35.44768353148512,1.8804444167938608,"[np.float64(34.47322640325801), np.float64(34.09626737316189), np.float64(35.515988366461166), np.float64(33.27319165375951), np.float64(33.276033273714745), np.float64(36.80643009739813), np.float64(33.15009546116781), np.float64(36.78030853330354), np.float64(36.37286611719302), np.float64(31.996070073903926), np.float64(34.09255422681381), np.float64(37.83590233757987), np.float64(33.48535246920576), np.float64(34.518875006866345), np.float64(36.37180531798891), np.float64(37.014464550050306), np.float64(34.944605759396126), np.float64(34.25266314210184), np.float64(38.29242325488213), np.float64(38.925482859080276)]",27.59555353094139,43.29981353202885,False
TCGA-E2-A158-DX1_xmin56083_ymin25872_MPP-0.2500.png,5.824162123270414,6.697051187429609,2.1052943780755404,"[np.float64(8.654767288993199), np.float64(6.867687472559657), np.float64(5.080519744147756), np.float64(5.036162374316478), np.float64(7.742079397961124), np.float64(7.533847629206976), np.float64(9.500248373322467), np.float64(7.997951372501888), np.float64(3.690890583909973), np.float64(8.800946422875446), np.float64(4.700929932800783), np.float64(5.929108643524906), np.float64(7.1974515999329975), np.float64(10.688386166997537), np.float64(12.91688829944033), np.float64(7.910497305701974), np.float64(6.330657949988833), np.float64(7.76606248439071), np.float64(8.47236203917728), np.float64(6.0557159363152255)]",-2.093979804195377,15.488082179054594,True
TCGA-E2-A159-DX1_xmin38620_ymin28700_MPP-0.2500.png,32.42953126465395,33.717283218267774,1.5407267387678638,"[np.float64(37.30770593009242), np.float64(34.17742473665058), np.float64(34.71276939645056), np.float64(35.0491317223767), np.float64(34.56045643949668), np.float64(35.395164219207), np.float64(32.48277684517393), np.float64(32.600679710375715), np.float64(31.516974752324384), np.float64(34.59628567950823), np.float64(35.275156225292), np.float64(34.63282895057154), np.float64(37.06626808496285), np.float64(33.70609118060968), np.float64(35.0547665294528), np.float64(31.533881465989147), np.float64(32.94308381331897), np.float64(35.10835873339933), np.float64(35.41548743975406), np.float64(33.12934932293941)]",27.28370478325825,40.150861653277296,True
TCGA-E2-A1AZ-DX1_xmin50286_ymin17075_MPP-0.2500.png,18.37111334304678,17.998883764215943,1.6728326191093044,"[np.float64(17.855685260499808), np.float64(14.963136270854324), np.float64(17.284825362602724), np.float64(19.779650091255515), np.float64(19.149293796429077), np.float64(19.000215206978364), np.float64(18.098431138577862), np.float64(18.013010081472295), np.float64(16.678241485269048), np.float64(19.396540604621013), np.float64(18.840829652994724), np.float64(18.982921460201542), np.float64(16.94681407888078), np.float64(13.692197924473454), np.float64(20.193189187723334), np.float64(17.041208852199134), np.float64(16.2733322361297), np.float64(19.38584158804393), np.float64(17.214858484377682), np.float64(20.118756532309188)]",11.013673737752164,24.984093790679722,True
TCGA-E2-A1B6-DX1_xmin16266_ymin50634_MPP-0.2500.png,42.28869801357886,32.69484193708365,2.096477434491524,"[np.float64(33.928853836237046), np.float64(34.061980583484605), np.float64(29.962930514682583), np.float64(35.118729907856455), np.float64(33.21734299955136), np.float64(31.956287658591247), np.float64(32.981618871768156), np.float64(29.142371471287014), np.float64(33.512147560044994), np.float64(30.63609892071951), np.float64(29.989501365396585), np.float64(29.65012356464787), np.float64(34.9202186870635), np.float64(31.436315149698075), np.float64(35.76229735691665), np.float64(31.623239010979056), np.float64(29.280126021897757), np.float64(30.461793057186334), np.float64(35.16646517709753), np.float64(32.38304558121032)]",23.940627661023807,41.44905621314349,False
TCGA-E2-A1L7-DX1_xmin51554_ymin15424_MPP-0.2500.png,12.747889508726676,12.615320131480592,1.6993296419980166,"[np.float64(11.51874553849939), np.float64(12.935356583186168), np.float64(13.618885603815682), np.float64(14.850117763285514), np.float64(15.512318591266444), np.float64(11.89578283990242), np.float64(9.963224759316516), np.float64(11.78838980923404), np.float64(13.135881144646365), np.float64(10.68780227905937), np.float64(10.701018301690507), np.float64(13.302895894580363), np.float64(12.51801542833969), np.float64(12.680914122303765), np.float64(11.098329462080454), np.float64(12.154518703069058), np.float64(10.766853842943984), np.float64(14.395716953730165), np.float64(14.685818800928097), np.float64(8.922944407004405)]",5.51946707484191,19.711173188119275,True
TCGA-E2-A1LH-DX1_xmin22770_ymin24149_MPP-0.2500.png,47.83451417630894,48.13566522601408,1.845580096486839,"[np.float64(46.27664350562926), np.float64(45.14260671583392), np.float64(46.83561735720028), np.float64(47.968789286433356), np.float64(45.23637478661701), np.float64(46.29194559976345), np.float64(46.12775048185108), np.float64(48.55019988481197), np.float64(48.274353900086574), np.float64(46.69219011933957), np.float64(48.48930697029287), np.float64(47.042305056839545), np.float64(47.592355005361966), np.float64(51.48256940661115), np.float64(50.816587329594775), np.float64(45.53650275215888), np.float64(49.795130061772426), np.float64(49.75845833499726), np.float64(45.839138648508836), np.float64(49.773220513523796)]",40.42911739369955,55.84221305832862,True
TCGA-E2-A1LI-DX1_xmin44715_ymin18434_MPP-0.2500.png,28.321196319229937,40.63740688165637,1.6992727738447349,"[np.float64(43.713270718481475), np.float64(38.39231726916754), np.float64(38.80240123962784), np.float64(42.672729815343374), np.float64(41.18039750330767), np.float64(41.74035943213541), np.float64(41.31858531445736), np.float64(41.41879872351266), np.float64(37.984462625034205), np.float64(42.732042294899266), np.float64(42.976586866511916), np.float64(40.17862539352031), np.float64(40.550452982028645), np.float64(37.57519187654492), np.float64(41.66591639369204), np.float64(41.781521765084655), np.float64(40.513024847657746), np.float64(42.886113601397376), np.float64(39.96925241969649), np.float64(41.766618733443565)]",33.54179128810273,47.73302247521001,False
TCGA-E2-A1LK-DX1_xmin75611_ymin27593_MPP-0.2500.png,9.131401450618569,8.169596626712956,1.6649504016300083,"[np.float64(6.130267949328724), np.float64(8.12249232496448), np.float64(7.820888110907284), np.float64(8.620212470794838), np.float64(7.430542769046238), np.float64(7.90665143536962), np.float64(9.821690969595968), np.float64(7.29606815223652), np.float64(4.956442425235597), np.float64(11.668764435123798), np.float64(10.93250478409393), np.float64(5.585071236501719), np.float64(9.549012237203344), np.float64(7.163647085610269), np.float64(8.696571057375074), np.float64(8.758044884739943), np.float64(7.700781026080311), np.float64(6.602065295540163), np.float64(6.788514522080437), np.float64(6.337212795750471)]",1.217300200772141,15.121893052653771,True
TCGA-E2-A1LL-DX1_xmin5783_ymin22777_MPP-0.2500.png,6.110192141444838,7.6179288531129,1.4234012497923867,"[np.float64(5.954284436652011), np.float64(7.48357227301419), np.float64(6.186408874891397), np.float64(8.98203298453814), np.float64(10.592421163784755), np.float64(6.457822370372814), np.float64(8.096737854183655), np.float64(8.617299073718769), np.float64(8.56193339495145), np.float64(7.769839388945075), np.float64(9.103293689832345), np.float64(8.582426758474215), np.float64(5.142604008458305), np.float64(9.356240981891446), np.float64(9.392510527646385), np.float64(6.091356644755737), np.float64(7.6938045240081046), np.float64(8.984586838735039), np.float64(7.199301213954177), np.float64(9.763884948644924)]",1.6742638574931652,13.561593848732635,True
TCGA-E2-A1LS-DX1_xmin39247_ymin47756_MPP-0.2500.png,8.522553311018001,8.348994462491785,2.267204810605606,"[np.float64(13.076739451730507), np.float64(6.77702239722182), np.float64(5.5869052561842345), np.float64(8.956631653701535), np.float64(9.792119472744071), np.float64(7.887261714802246), np.float64(11.255515789133852), np.float64(5.671782863045287), np.float64(9.734831708555006), np.float64(7.1372728209739975), np.float64(11.787750274906378), np.float64(12.33402516882802), np.float64(6.815681286925089), np.float64(7.249880190674625), np.float64(10.068170236451389), np.float64(7.5747331629127554), np.float64(8.258172026627308), np.float64(8.399771303576605), np.float64(4.5096481500964725), np.float64(8.32131897030331)]",-1.1181223274244179,17.816111252407985,True
TCGA-E2-A573-DX1_xmin59666_ymin56141_MPP-0.2500.png,34.03675574472692,28.193365556629256,2.169834710628056,"[np.float64(26.81391000850091), np.float64(27.20711991182971), np.float64(31.080629563566884), np.float64(25.680351768070743), np.float64(29.81977593012521), np.float64(27.63543969596564), np.float64(27.63384521963759), np.float64(29.77410934873268), np.float64(28.87346814576704), np.float64(29.334591551068318), np.float64(30.12973487769498), np.float64(27.53074879026261), np.float64(26.968892087613757), np.float64(26.02306450351366), np.float64(26.542544496671347), np.float64(34.091554407246704), np.float64(30.68272471810283), np.float64(25.491216824213215), np.float64(25.548449643142117), np.float64(29.15709768006624)]",19.13283493132473,37.25389618193378,True
TCGA-E2-A574-DX1_xmin54962_ymin47475_MPP-0.2500.png,16.77373935992204,22.487853432497143,2.09033005637816,"[np.float64(23.582383027253076), np.float64(23.58562110313187), np.float64(21.977941845389747), np.float64(22.236944912491342), np.float64(23.143612480815857), np.float64(22.659639445083805), np.float64(18.049252687002074), np.float64(22.028254171346756), np.float64(20.785040563976516), np.float64(22.838276270314168), np.float64(28.458371437703963), np.float64(23.222816763445753), np.float64(21.860794060152347), np.float64(24.33145643645165), np.float64(23.45322920691557), np.float64(23.328042413400826), np.float64(23.701554618928487), np.float64(26.600940562156225), np.float64(20.22607656184531), np.float64(23.435117586120054)]",13.759308626737798,31.216398238256488,True
TCGA-E9-A5FL-DX1_xmin45595_ymin47283_MPP-0.2500.png,0.8291365033249289,4.588801666758799,2.189718992358572,"[np.float64(2.7360394067957223), np.float64(5.699826959443296), np.float64(2.7514286437866105), np.float64(3.7540680395486308), np.float64(3.998621838282987), np.float64(6.540435105448218), np.float64(6.4257105546436275), np.float64(2.0973669138660305), np.float64(4.698669888758497), np.float64(3.1696419572604544), np.float64(2.0717918454081303), np.float64(4.154767565910059), np.float64(3.97183608984716), np.float64(9.442234639449843), np.float64(5.454721317480192), np.float64(1.8335666652503249), np.float64(3.459253658416915), np.float64(6.631568257617596), np.float64(8.76568721249865), np.float64(1.4168350422828828)]",-4.554759312286066,13.732362645803665,True
TCGA-EW-A1OV-DX1_xmin126026_ymin65132_MPP-0.2500.png,31.951869196339786,35.90702893155502,2.0249420509022,"[np.float64(32.14718016127693), np.float64(39.648959282298584), np.float64(36.68625728629683), np.float64(34.170443467802286), np.float64(36.97628710379989), np.float64(30.635533453521262), np.float64(35.91377994474934), np.float64(36.562671277241186), np.float64(37.755569210630675), np.float64(33.879237026969946), np.float64(36.07840325436174), np.float64(34.05617967943584), np.float64(36.41779644290365), np.float64(34.11633628682897), np.float64(35.09082725323458), np.float64(33.91539814197456), np.float64(37.20930141520233), np.float64(37.62393116486835), np.float64(35.43778779164019), np.float64(35.983504921475074)]",27.451523368481137,44.3625344946289,True
TCGA-EW-A1OW-DX1_xmin36101_ymin49680_MPP-0.2500.png,15.227325680809642,10.680388406835949,2.119063297476427,"[np.float64(7.783205577568859), np.float64(10.081035110822373), np.float64(10.579979172752457), np.float64(15.921974588895896), np.float64(8.456454355287619), np.float64(13.608742884340822), np.float64(12.674105953767564), np.float64(11.241661215816219), np.float64(14.197629375226214), np.float64(11.424599352049672), np.float64(11.458706798171804), np.float64(10.574147100800856), np.float64(13.127526171673201), np.float64(12.873326874457714), np.float64(9.429033831843523), np.float64(8.041894017638413), np.float64(10.274427132044632), np.float64(9.080311278040654), np.float64(10.553339257605236), np.float64(13.155264676204226)]",1.831862844173811,19.528913969498085,True
TCGA-EW-A1P1-DX1_xmin50567_ymin38988_MPP-0.2500.png,16.134337944775773,23.148309499456268,2.042044944522261,"[np.float64(22.23370618928269), np.float64(23.06266273683312), np.float64(23.264354969073057), np.float64(24.84517126386684), np.float64(18.654530831487058), np.float64(21.934908909925674), np.float64(23.570876884015213), np.float64(25.54846741230999), np.float64(22.164504604443856), np.float64(19.39520408737252), np.float64(24.38773239138854), np.float64(21.877584721805007), np.float64(20.768976181275544), np.float64(21.89961872002982), np.float64(22.77925878414457), np.float64(21.93882017037984), np.float64(18.73717738525813), np.float64(24.942441893230534), np.float64(25.698059582013713), np.float64(24.45135348213528)]",14.621387763220959,31.675231235691577,True
TCGA-EW-A1P4-DX1_xmin17256_ymin35430_MPP-0.2500.png,18.139368538413468,11.130113224452064,1.460198131718477,"[np.float64(8.854741883602431), np.float64(10.727130156557028), np.float64(11.117070593993148), np.float64(12.327702003575885), np.float64(12.466794201888225), np.float64(9.661765626895072), np.float64(11.294104337279185), np.float64(12.044674033682545), np.float64(14.041757868745597), np.float64(12.53912630410151), np.float64(12.708226599203101), np.float64(11.297766480310786), np.float64(13.951031514859071), np.float64(11.949638816371058), np.float64(9.407937404104922), np.float64(13.936853164702445), np.float64(12.52591976953012), np.float64(10.244025182195099), np.float64(10.171127289653578), np.float64(11.723264314733587)]",5.032796305958189,17.227430142945938,False
TCGA-EW-A1P7-DX1_xmin9808_ymin46395_MPP-0.2500.png,28.579827526476205,31.51411299547756,1.8182748067599888,"[np.float64(32.44048258601273), np.float64(31.90869752673997), np.float64(32.13673034236333), np.float64(34.91402774463032), np.float64(33.65719929994733), np.float64(31.895384178007607), np.float64(33.396734157012524), np.float64(29.449065188422477), np.float64(32.30996709537118), np.float64(35.13272569494378), np.float64(31.07802120469281), np.float64(29.81884513823939), np.float64(30.209935218291434), np.float64(29.33484692079278), np.float64(29.94458917922215), np.float64(30.773096798297498), np.float64(28.702978957120273), np.float64(31.545349663376765), np.float64(33.318667343050855), np.float64(29.698600635183716)]",23.921583255228356,39.106642735726766,True
TCGA-EW-A1P8-DX1_xmin15520_ymin26381_MPP-0.2500.png,31.11995118490888,42.07222931395877,1.7912417454941412,"[np.float64(45.11079716124231), np.float64(43.09381349101396), np.float64(44.13339048520689), np.float64(40.7565602062545), np.float64(43.781279768092006), np.float64(39.88836151316815), np.float64(43.85272431563179), np.float64(42.41590799354584), np.float64(43.17873175392834), np.float64(39.72104010270907), np.float64(40.28208962940556), np.float64(43.26668575046554), np.float64(40.17553330551037), np.float64(42.99864189815702), np.float64(39.33795370103828), np.float64(43.768577739292105), np.float64(39.60718268442175), np.float64(43.17682918931782), np.float64(43.32349118125077), np.float64(40.67868567709962)]",34.592580927434454,49.55187770048309,False
TCGA-EW-A1PB-DX1_xmin57214_ymin25940_MPP-0.2500.png,45.908771973283706,40.956090347630266,1.6509514797430849,"[np.float64(42.12014348179972), np.float64(41.476974874297376), np.float64(39.87840663524479), np.float64(38.93898097947785), np.float64(37.03083896428511), np.float64(41.65539044222965), np.float64(37.82648480490616), np.float64(41.14677874651288), np.float64(40.42919391546577), np.float64(42.314375898506654), np.float64(40.35199934865054), np.float64(40.29719477493608), np.float64(42.419831756206854), np.float64(41.6262064057985), np.float64(41.588402261995824), np.float64(41.89462552724732), np.float64(37.88494610121605), np.float64(42.46966770760423), np.float64(42.18102793565747), np.float64(38.922724090477274)]",34.06224890900091,47.849931786259624,True
TCGA-EW-A1PH-DX1_xmin3455_ymin52049_MPP-0.2500.png,23.503340300256443,20.671851652242584,1.6541491718550634,"[np.float64(20.183690704894182), np.float64(20.59323707698732), np.float64(20.402858083439117), np.float64(21.33957158537965), np.float64(23.53458521590495), np.float64(22.83538510758824), np.float64(18.04741326537977), np.float64(21.91599163285468), np.float64(23.3297182913134), np.float64(21.445468693620988), np.float64(22.853812502614517), np.float64(24.696392543644116), np.float64(22.719270744456548), np.float64(21.17046884352604), np.float64(22.76202860041209), np.float64(20.961627318436367), np.float64(20.719657738812494), np.float64(19.969023180815118), np.float64(23.7986783699068), np.float64(19.03499432035858)]",13.764657681658155,27.57904562282701,True
TCGA-EW-A3U0-DX1_xmin113512_ymin48566_MPP-0.2500.png,0.0,0.4982568254382061,2.2417518027311663,"[np.float64(3.5629922747944383), np.float64(1.4979850729189488), np.float64(-2.300355524165677), np.float64(1.2335554114210492), np.float64(-3.7017961898650418), np.float64(1.7492728591002775), np.float64(2.268719791416188), np.float64(-0.6864550858659011), np.float64(0.7453522173493707), np.float64(4.406571692938779), np.float64(-0.5132365830856673), np.float64(-1.619558348674995), np.float64(3.4615836303634038), np.float64(4.423431206499796), np.float64(0.5056481691339008), np.float64(2.5211828962549188), np.float64(3.1812086564999684), np.float64(-0.986711639638562), np.float64(-0.4723548452975305), np.float64(2.960005851747676)]",-8.862576404618395,9.859090055494807,True
TCGA-EW-A6SB-DX1_xmin34625_ymin56578_MPP-0.2500.png,51.27711483858933,48.75973656800833,2.1055475091416542,"[np.float64(52.12976512542535), np.float64(49.88549828835704), np.float64(47.00010786100422), np.float64(52.73385879140721), np.float64(47.6977947723844), np.float64(48.08946100566543), np.float64(49.444412236987574), np.float64(51.868057409437874), np.float64(50.46768852111278), np.float64(49.58946756873215), np.float64(49.68631362824454), np.float64(48.846765905295264), np.float64(49.87601559704534), np.float64(43.70061641261972), np.float64(48.166521649868734), np.float64(49.24238043784189), np.float64(46.45770840076931), np.float64(49.53238320363145), np.float64(48.350794126036085), np.float64(52.27068796463931)]",39.96764858261073,57.55182455340593,True
TCGA-GI-A2C9-DX1_xmin20882_ymin11843_MPP-0.2500.png,0.0880017385334733,-7.665315416797189,1.3220495568797288,"[np.float64(-4.519275966367477), np.float64(-8.596926555033516), np.float64(-7.96699083993058), np.float64(-7.813210548013974), np.float64(-8.568634369116435), np.float64(-7.275265448740936), np.float64(-9.181879554572369), np.float64(-9.926546086672243), np.float64(-6.419892968996653), np.float64(-6.406256248353568), np.float64(-9.273946936117174), np.float64(-5.87460455527199), np.float64(-8.928470875127852), np.float64(-7.158984940721227), np.float64(-6.0246273915722774), np.float64(-7.732540546204615), np.float64(-6.755833592514921), np.float64(-8.698174704572333), np.float64(-8.058248583653384), np.float64(-8.07703427855787)]",-13.185768398587633,-2.144862435006745,False
TCGA-GM-A2DB-DX1_xmin50586_ymin43110_MPP-0.2500.png,28.347388845603877,28.69020371963401,1.2222517406228848,"[np.float64(27.19704702655353), np.float64(28.336655393402445), np.float64(25.592967121906515), np.float64(27.7078962253498), np.float64(28.12045273289467), np.float64(28.17784421464325), np.float64(28.20720882789245), np.float64(28.566675319913752), np.float64(29.649086755806138), np.float64(30.439237867899056), np.float64(27.390673265937476), np.float64(26.28380200885572), np.float64(26.606114895147805), np.float64(27.715797877244157), np.float64(27.98636108400099), np.float64(27.150211587239095), np.float64(26.097970391134222), np.float64(27.77796206468563), np.float64(29.05305695986195), np.float64(29.880262651305138)]",23.5864742634212,33.79393317584682,True
TCGA-GM-A2DD-DX1_xmin47260_ymin22408_MPP-0.2500.png,2.647480188473172,-2.664038380157353,1.9121860437369604,"[np.float64(-3.778884486373995), np.float64(-3.490034024444221), np.float64(-4.517434997851974), np.float64(-2.726916720906906), np.float64(-4.360895648538982), np.float64(-1.5177827536749526), np.float64(-6.235771364025576), np.float64(-3.3832977250622776), np.float64(-2.0618237017738688), np.float64(-2.296369347512344), np.float64(2.7220289478036404), np.float64(-1.9644383310215376), np.float64(-4.672147573841373), np.float64(-2.854966874335499), np.float64(-6.216531047090257), np.float64(-2.8252378787508747), np.float64(-4.33015049415887), np.float64(-0.8332578290370294), np.float64(-3.7631189293484226), np.float64(-2.897570211747846)]",-10.648711187582302,5.320634427267597,True
TCGA-GM-A2DF-DX1_xmin50637_ymin43774_MPP-0.2500.png,41.39309760757543,43.76105976075134,2.113246625374459,"[np.float64(42.48994407794253), np.float64(47.238762464458), np.float64(43.11857422851551), np.float64(47.42617384770974), np.float64(45.38936328498787), np.float64(44.72519321542211), np.float64(44.49852605538638), np.float64(44.54865435718384), np.float64(39.905714602060115), np.float64(43.20329297244982), np.float64(45.45137570311998), np.float64(43.66326539380312), np.float64(40.950680067144184), np.float64(43.6562508595964), np.float64(47.16927079326232), np.float64(46.254843191820775), np.float64(43.637051742019274), np.float64(45.66395831486751), np.float64(43.028045720015236), np.float64(40.3533165870979)]",34.93682274664043,52.58529677486224,True
TCGA-GM-A2DH-DX1_xmin50963_ymin56303_MPP-0.2500.png,22.167384632731984,17.57026346156297,2.1871950252168437,"[np.float64(15.72133148530386), np.float64(20.696040998579367), np.float64(17.02227729790436), np.float64(17.083495502812934), np.float64(16.97058706901321), np.float64(21.378536640708983), np.float64(20.822181292287098), np.float64(22.00782392845924), np.float64(17.252173040762866), np.float64(18.16151243905716), np.float64(14.536978362721388), np.float64(20.52413231379952), np.float64(15.2347043590271), np.float64(18.00381458908823), np.float64(15.375658406297282), np.float64(16.392529808085577), np.float64(15.89573859946357), np.float64(16.354512940211333), np.float64(16.492018055265014), np.float64(16.473725871712816)]",8.437241756073309,26.70328516705263,True
TCGA-GM-A2DI-DX1_xmin22802_ymin51060_MPP-0.2500.png,0.0,7.749672025087698,1.5399535519237555,"[np.float64(9.416339848648311), np.float64(5.539946438962657), np.float64(8.190754879115431), np.float64(10.185590329698815), np.float64(6.723279296060905), np.float64(6.313834243592494), np.float64(7.288622774727196), np.float64(10.109122441809118), np.float64(8.137887286994413), np.float64(6.6872434358725), np.float64(8.717425327463777), np.float64(5.5450877254148505), np.float64(9.112391045973594), np.float64(8.566886640491234), np.float64(7.13405508280993), np.float64(6.072500428193235), np.float64(5.976310180520783), np.float64(8.819306697779519), np.float64(10.207633030065821), np.float64(6.475056531030108)]",1.319322169216397,14.180021880958998,False
TCGA-GM-A3XL-DX1_xmin29910_ymin15820_MPP-0.2500.png,44.14452619281845,40.228259731137264,2.053077088112353,"[np.float64(41.14503313824023), np.float64(36.05420569393313), np.float64(39.059024269822864), np.float64(40.16614186539546), np.float64(38.408892897173594), np.float64(38.355246981558075), np.float64(38.89270061819949), np.float64(40.81264518779001), np.float64(39.85360169432452), np.float64(35.75179726448732), np.float64(35.98685942586713), np.float64(39.01452937542291), np.float64(41.14363290324437), np.float64(34.733250045686795), np.float64(39.228799378834005), np.float64(39.17576401810242), np.float64(43.00493528755416), np.float64(39.458216107711536), np.float64(40.994237700619124), np.float64(40.51077401131219)]",31.655271317854535,48.80124814441999,True
TCGA-HN-A2NL-DX1_xmin11931_ymin5764_MPP-0.2500.png,0.0,-1.610307581028378,2.6582538773658277,"[np.float64(-5.871440540642779), np.float64(-0.07389314776490341), np.float64(-1.179514570115802), np.float64(-0.5937703016791989), np.float64(6.2421678318442755), np.float64(-5.778533460025555), np.float64(1.839085718493839), np.float64(-2.1852026198290893), np.float64(-1.0356497722223594), np.float64(-1.7013320716308624), np.float64(-2.458780247824465), np.float64(-2.7499734375058953), np.float64(-0.9512901098823597), np.float64(-4.644654974371736), np.float64(-0.10914924598484688), np.float64(-2.442696390798886), np.float64(-3.8704462591090936), np.float64(-2.510333297020005), np.float64(0.9039908526967677), np.float64(-2.680977755060824)]",-12.71031927672853,9.489704114671774,True
TCGA-LL-A441-DX1_xmin82006_ymin43121_MPP-0.2500.png,43.94203346727628,48.00961955412463,1.355318226203483,"[np.float64(48.72652679054387), np.float64(46.547707002693684), np.float64(49.52546325397187), np.float64(49.38063503170504), np.float64(51.70683722071745), np.float64(47.6584916631262), np.float64(49.346929163640446), np.float64(48.205754633202524), np.float64(50.60136311785066), np.float64(46.57195477890717), np.float64(49.4996301798792), np.float64(47.62022496189127), np.float64(47.88124319990764), np.float64(48.19312452302138), np.float64(48.51410034697799), np.float64(47.77716146788072), np.float64(48.43904592046569), np.float64(51.165855669249005), np.float64(49.98051892535507), np.float64(49.74792873911843)]",42.3502473284883,53.668991779760965,True
TCGA-LL-A5YO-DX1_xmin36631_ymin44396_MPP-0.2500.png,56.3207937341877,50.16647215201792,2.162291579068361,"[np.float64(49.255393099970185), np.float64(48.387990495561276), np.float64(52.07707326849343), np.float64(51.918565737077515), np.float64(53.11181350351989), np.float64(48.95851090007947), np.float64(49.70737484129723), np.float64(46.887503826967055), np.float64(49.381529939896176), np.float64(52.159613173176815), np.float64(49.233481393561526), np.float64(51.447431742419575), np.float64(49.7854659400223), np.float64(50.814586208461044), np.float64(47.87108937238659), np.float64(50.336891051285725), np.float64(44.184200210216474), np.float64(49.79267983569395), np.float64(46.90552566458764), np.float64(52.57846118511156)]",41.137439213690456,59.19550509034538,True
TCGA-LL-A73Y-DX1_xmin68117_ymin49445_MPP-0.2500.png,62.13539579702089,63.27269547004154,2.0940982058927773,"[np.float64(64.82751017557057), np.float64(64.2060374339737), np.float64(66.3147079243603), np.float64(61.374862428391864), np.float64(66.76742186587266), np.float64(65.13707859856231), np.float64(62.79958489560365), np.float64(65.54393576440742), np.float64(61.06010844521827), np.float64(61.62366714698619), np.float64(62.05551602356214), np.float64(62.21474005391351), np.float64(61.15958018452103), np.float64(65.71886160423219), np.float64(62.75498666930188), np.float64(63.9777054067553), np.float64(62.131992737214176), np.float64(59.63148886894451), np.float64(63.812810186824386), np.float64(59.448185519201985)]",54.52841608601654,72.01697485406655,True
TCGA-LL-A740-DX1_xmin39436_ymin24080_MPP-0.2500.png,7.729994291101834,14.265708062513974,2.155125619229807,"[np.float64(14.128439970343038), np.float64(11.529077984848353), np.float64(18.24026006097559), np.float64(16.088433506863417), np.float64(14.477215645056935), np.float64(16.79312141782331), np.float64(12.573076107582503), np.float64(15.35266681985416), np.float64(14.665328929951402), np.float64(14.793748225181314), np.float64(16.81041506272751), np.float64(15.730692268073579), np.float64(14.843155388164021), np.float64(10.955933190057383), np.float64(12.345615471955046), np.float64(14.020290195322525), np.float64(14.452452811067277), np.float64(12.005300613166128), np.float64(19.089061413670816), np.float64(17.29849617302112)]",5.266597863581774,23.264818261446173,True
TCGA-OL-A5D6-DX1_xmin115108_ymin40554_MPP-0.2500.png,0.0,-8.037416172806138,1.820722880873546,"[np.float64(-6.833179532021171), np.float64(-7.893342450238649), np.float64(-8.461834112608441), np.float64(-9.941253092850609), np.float64(-7.882455135768413), np.float64(-7.521911092520637), np.float64(-10.520937323769386), np.float64(-7.369063338316343), np.float64(-8.347934270455635), np.float64(-11.85303128856092), np.float64(-9.758186194365141), np.float64(-8.864627239649426), np.float64(-4.262040858125757), np.float64(-6.924309923738622), np.float64(-10.70837931100592), np.float64(-7.065343593970864), np.float64(-11.132024150682868), np.float64(-5.8720340650319915), np.float64(-8.979665476441895), np.float64(-8.22468855028448)]",-15.640168281777834,-0.43466406383444145,False
TCGA-OL-A5D7-DX1_xmin114443_ymin22490_MPP-0.2500.png,53.38426682380364,54.30743611646516,2.3540293457513117,"[np.float64(56.959029411549544), np.float64(51.73310897929666), np.float64(51.51319974623918), np.float64(53.140237463773154), np.float64(56.384193818503796), np.float64(51.268743965511476), np.float64(48.64312492024403), np.float64(53.405118399647165), np.float64(55.410917716287), np.float64(56.70795961594282), np.float64(53.38111339229437), np.float64(53.48458290223316), np.float64(56.615237584976654), np.float64(50.56795271707432), np.float64(53.53039456609914), np.float64(54.688283896315276), np.float64(55.20587355903523), np.float64(53.2878227300834), np.float64(54.376318139876844), np.float64(49.33078140963919)]",44.477768042867176,64.13710419006316,True
TCGA-OL-A5RW-DX1_xmin5772_ymin6839_MPP-0.2500.png,0.0,1.2994139712421178,1.6249974782439074,"[np.float64(-0.017082853425578914), np.float64(2.2064313963510527), np.float64(-0.6651740972672413), np.float64(1.4173824144213125), np.float64(2.193158972847514), np.float64(0.6143155695265878), np.float64(1.6403415132352595), np.float64(-0.6260511593271068), np.float64(0.8861914118500245), np.float64(2.519846310420563), np.float64(1.6133598931789863), np.float64(0.1263514321142467), np.float64(1.7478467798237038), np.float64(2.7286335525153538), np.float64(-2.800468585912838), np.float64(3.617562101153913), np.float64(0.6269044938799738), np.float64(2.150393837722578), np.float64(3.6939078185325736), np.float64(-1.4439334232188141)]",-5.48605191957216,8.084879862056395,True
TCGA-OL-A66I-DX1_xmin38433_ymin22957_MPP-0.2500.png,34.656397625329106,38.56551198421566,1.7020343630275048,"[np.float64(37.14662997936057), np.float64(37.98841459246425), np.float64(36.998004941966805), np.float64(42.03538513588928), np.float64(36.85196779656208), np.float64(37.454418425241926), np.float64(38.97429004742161), np.float64(36.161212932063485), np.float64(37.774150560703134), np.float64(39.20041850671601), np.float64(37.89979117545064), np.float64(38.378738266415766), np.float64(37.506847759318916), np.float64(35.53657136585413), np.float64(39.208698406894136), np.float64(42.07537812751014), np.float64(38.602315245782535), np.float64(39.01604021871076), np.float64(39.950957494449376), np.float64(36.02685099112226)]",31.45836488402585,45.67265908440547,True
TCGA-OL-A66P-DX1_xmin30143_ymin20310_MPP-0.2500.png,45.32761316507482,39.14285961068441,2.2639492767463776,"[np.float64(42.54788892694362), np.float64(39.54751720353001), np.float64(42.40657340886263), np.float64(37.676793619636435), np.float64(42.77898345580006), np.float64(40.69317059875398), np.float64(40.24893978238913), np.float64(39.610908519390705), np.float64(38.64580237453551), np.float64(41.54392292763215), np.float64(39.42357935038051), np.float64(35.208720203510104), np.float64(36.908486687270404), np.float64(38.771168106298916), np.float64(39.762857577015524), np.float64(39.02968263288462), np.float64(41.580801190271735), np.float64(35.240655882607165), np.float64(39.43003548369473), np.float64(35.5069011599101)]",29.689336881223035,48.59638234014579,True
TCGA-OL-A6VO-DX1_xmin88416_ymin188485_MPP-0.2500.png,21.755204506239675,15.152921440818291,1.86277543739666,"[np.float64(16.67234603178663), np.float64(14.964004011934287), np.float64(15.99214138486653), np.float64(13.42515551963876), np.float64(17.711851304133795), np.float64(17.236370768935995), np.float64(16.320010046842068), np.float64(14.893886947091412), np.float64(16.312636011408557), np.float64(13.739136304843596), np.float64(16.864032758859718), np.float64(18.451883229466134), np.float64(17.294142560776667), np.float64(13.693716501203474), np.float64(15.8757560753645), np.float64(12.566638353300998), np.float64(16.297702063169645), np.float64(16.05412826654337), np.float64(11.413288761753964), np.float64(12.829353752993566)]",7.3745714052470435,22.93127147638954,True
TCGA-OL-A97C-DX1_xmin68058_ymin32495_MPP-0.2500.png,0.0,2.6097078280844883,1.6356916715269925,"[np.float64(2.043430034596954), np.float64(2.0079883338028357), np.float64(0.19075395724687771), np.float64(3.387665286788856), np.float64(3.1126550459655125), np.float64(2.22116956412745), np.float64(1.0981248277677624), np.float64(4.707122080917616), np.float64(5.920522054261079), np.float64(1.6425848603914142), np.float64(1.3853739937748468), np.float64(3.592123158908481), np.float64(1.8936490685905158), np.float64(2.33091342675802), np.float64(4.0890141315338315), np.float64(-1.2090043469300973), np.float64(5.246312477789827), np.float64(2.755068876743171), np.float64(1.7867215389601279), np.float64(2.4312395196415904)]",-4.2204135681836,9.439829224352577,True
TCGA-S3-AA10-DX1_xmin43039_ymin23986_MPP-0.2500.png,16.876894222623676,18.36181758878961,1.7867696116049725,"[np.float64(18.286676298830642), np.float64(14.899414981899755), np.float64(21.351694043696078), np.float64(18.444468853330843), np.float64(19.247821849684357), np.float64(20.264917129937693), np.float64(16.319492673669004), np.float64(19.308761386860063), np.float64(17.82653540699202), np.float64(20.055359139222592), np.float64(14.107362748086615), np.float64(18.163628988307067), np.float64(17.156176277221682), np.float64(19.226343490057918), np.float64(19.30190596352601), np.float64(16.946565799145553), np.float64(16.937469860437517), np.float64(18.140486851674947), np.float64(16.56853313415919), np.float64(20.04578497969386)]",10.900843392453515,25.822791785125702,True
TCGA-S3-AA15-DX1_xmin55486_ymin28926_MPP-0.2500.png,14.297445998272195,15.54991025000158,1.7857357159117366,"[np.float64(14.811495849106686), np.float64(9.735933811358297), np.float64(14.800266136757967), np.float64(13.472822608313635), np.float64(12.287358619079688), np.float64(13.075056973556434), np.float64(15.76872719366752), np.float64(18.207191906498043), np.float64(16.17627919773154), np.float64(14.3369034735701), np.float64(16.461718640342983), np.float64(14.631729629563596), np.float64(14.16070951167529), np.float64(13.24118491353561), np.float64(12.04625263649814), np.float64(14.770062836882689), np.float64(15.866017229841843), np.float64(15.3566629099718), np.float64(14.717976394106861), np.float64(13.658418128608016)]",8.093253268956609,23.00656723104655,True
